{
    "readme": "Chronological by date of first commit: add yourself at the end",
    "contributors": [
        {
            "name": "Andrew Morrow",
            "email": [
                "acm@mongodb.com",
                "andrew.c.morrow@gmail.com"
            ],
            "description": "Project architect and team lead. Library structure, interface design, coding conventions, build system, versioning model, C++11 usage, etc."
        },
        {
            "name": "Tyler Brock",
            "email": [
                "tyler.brock@gmail.com"
            ],
            "description": "Principle author of mongocxx library CRUD interfaces and unit tests."
        },
        {
            "name": "Samantha Ritter",
            "email" : [
                "samantha.ritter@mongodb.com"
            ],
            "description" : "View_or_value variant types, bsoncxx error handling, various features and bug fixes."
        },
        {
            "name": "Adam Midvidy",
            "email": [
                "amidvidy@gmail.com"
            ],
            "description" : "Client pool, BSON validator, ABI versioning scheme, pluggable loggers, examples and some documentation"
        },
        {
            "name": "Jason Carey",
            "email": [
                "jcarey@argv.me"
            ],
            "description": "Principle author of bsoncxx library, libmongoc integration and mock testing framework."
        },
        {
            "name": "Matt Cotter",
            "email": [
                "mc@mongodb.com"
            ],
            "description": "MongodB 3.2 feature support."
        },
        {
            "name": "Tess Avitabile",
            "email" : [
                "tess.avitabile@mongodb.com"
            ],
            "description" : "mongocxx error handling, various features and bug fixes."
        },
        {
            "name": "Mark Benvenuto",
            "email": [
                "mark.benvenuto@mongodb.com"
            ],
            "description": "Windows Support, Clang-Format Integration, AppVeyor Integration."
        }
    ]
}
